Cain|Lott|tristique.pellentesque.tellus@nequenonquam.ca|1 55 123 3400-1528|1 19 476 6970-0825|Ap #622-9145 Vel St.|Brockton|34374|NJ|Italia
Channing|Lynch|lobortis@ac.ca|1 97 989 5691-2923|1 95 823 3533-1157|9531 Mollis. Rd.|Indio|JV7X 4TA|DEN|Italia
Rhiannon|Salazar|enim.Suspendisse.aliquet@eu.com|1 55 602 8517-9142|1 92 249 2064-1129|P.O. Box 328, 8399 Sem Road|La Verne|4929EY|SK|Italia
Miranda|Haynes|mauris.id@estNunc.edu|1 18 427 3675-4138|1 73 164 1574-8912|2477 Non, Av.|Ashland|L1U 7T5|NB|Italia
Hamish|Vaughn|pede@Aeneaneuismod.org|1 27 408 6564-8728|1 23 681 2138-7426|P.O. Box 802, 9174 Commodo Street|Corvallis|2398AL|NV|Italia
Bertha|Cook|Nulla.facilisi.Sed@atrisus.org|1 26 943 5742-6679|1 91 971 4491-9821|Ap #525-9917 Nisi Rd.|Redding|15480|OXF|Italia
Madonna|Michael|nisl.Maecenas@sempereratin.ca|1 70 852 9075-5726|1 74 313 3889-3359|Ap #779-8197 Et Avenue|Kankakee|YC60 8EO|IL|Italia
Jorden|Griffin|aliquet@Donec.org|1 54 443 4101-6875|1 94 685 2303-6980|P.O. Box 319, 3895 Vitae Rd.|Poughkeepsie|EA03 0FZ|Zld.|Italia
Buckminster|Page|per.inceptos.hymenaeos@erat.org|1 79 570 2935-7028|1 13 315 3057-9996|Ap #973-8284 Non, St.|Lawrence|2042IA|Gr.|Italia
Lois|Cain|nec.cursus@cursusvestibulum.org|1 24 601 6285-0344|1 64 987 9811-7588|707-6299 Proin Avenue|Hoboken|4286DK|PE|Italia
Evan|Bartlett|non.cursus.non@nullaIntegervulputate.com|1 26 895 9976-5187|1 61 632 1078-2812|P.O. Box 772, 5546 Ultrices. Street|Hayward|3942SB|TIP|Italia
Abdul|Cochran|ut.quam.vel@ut.edu|1 11 923 7465-0994|1 38 855 9347-9070|822-999 Enim St.|Gastonia|53709|WIL|Italia
Ebony|Alvarado|fringilla.cursus@aptenttaciti.edu|1 10 108 2994-7977|1 93 173 1049-1921|5366 Sapien St.|Fayetteville|KY4P 9IB|Gld.|Italia
Chester|Hurst|mattis@quamquis.ca|1 42 864 2726-0024|1 96 190 1539-0614|7917 Orci Ave|Oil City|O1M 7U6|U.|Italia
Olga|Goodwin|libero@faucibuslectus.edu|1 73 344 7116-9809|1 40 408 2468-0954|6938 Orci St.|Jenks|R1N 4D6|AB|Italia
Sloane|Bradshaw|gravida.Aliquam@nullaDonecnon.com|1 64 550 9827-5635|1 33 164 8752-7618|7432 Tempor St.|Johnson City|X9F 8V4|UT|Italia
Hilary|Cox|egestas@utaliquamiaculis.ca|1 31 692 5032-7769|1 66 244 6086-8810|7337 Euismod St.|Ardmore|69119|NT|Italia
Nolan|Stevenson|at.libero.Morbi@posuere.org|1 41 229 3385-0551|1 41 152 1967-2740|751-9079 Mattis Road|Richmond|Z7L 3P9|KKD|Italia
Melanie|Lindsay|Fusce@Donecegestas.org|1 43 483 8276-1542|1 52 778 6191-6571|Ap #784-3813 Ante Ave|Berlin|94612|SHI|Italia
Ezra|Stevens|Aliquam.nec@vestibulumneceuismod.edu|1 61 819 1867-6086|1 87 249 4621-3942|2463 Quis Rd.|Seaford|6726OX|HI|Italia
Nita|Wilkins|semper.Nam.tempor@urnaNullamlobortis.ca|1 25 210 4352-6479|1 14 370 2120-4173|516-6941 Mollis Avenue|Lawrence|69195|WMD|Italia
Amy|Osborn|nunc.In.at@commodoipsumSuspendisse.ca|1 19 417 7260-7356|1 21 731 3772-9326|198-897 Consequat St.|Kearney|5828NH|NU|Italia
Yoshi|Vang|vitae.odio@vitae.ca|1 41 367 4715-8663|1 24 500 8586-8867|3855 Nisl Av.|Palm Springs|9923SK|MO|Italia
Daryl|Woods|mauris.Morbi@vehiculaPellentesquetincidunt.ca|1 89 775 4933-3068|1 95 132 5185-6776|Ap #521-9042 Ac St.|Lawndale|F0Z 1JH|Gr.|Italia
Ivan|Guy|lacinia.Sed.congue@fringillacursuspurus.org|1 45 411 6180-0346|1 54 668 9127-4628|Ap #226-5908 Tincidunt Avenue|Bend|28536|NU|Italia
Joshua|Horton|eu.odio.Phasellus@tellus.com|1 54 806 7354-5141|1 26 160 7256-2616|9790 Metus. Road|Pass Christian|5402WP|SFK|Italia
Uma|Shaw|consectetuer.cursus@sitametdiam.ca|1 48 100 7436-4007|1 65 883 4471-6304|186-4865 Egestas Ave|Santa Clara|WB2H 4WS|U.|Italia
Dominic|White|neque.venenatis.lacus@faucibusleo.ca|1 19 957 6880-6855|1 98 836 5850-0039|506-7821 Netus Avenue|Lakewood|Z1G 8ZI|CO|Italia
Nathaniel|Weber|Vivamus@dolorsit.ca|1 50 989 8842-5852|1 87 577 8257-3343|4229 Aliquet Av.|Port Washington|6244BV|ID|Italia
Macon|Wilcox|diam.lorem@pharetranibhAliquam.org|1 20 154 4922-3967|1 68 209 1757-9449|Ap #269-4433 Consequat, Av.|Sierra Vista|3682ZD|RUT|Italia
Mariko|Mercer|Duis.dignissim@ligulaAliquamerat.edu|1 53 683 5696-1785|1 25 535 6053-4000|Ap #205-6940 Scelerisque Rd.|Corinth|0777SL|FLN|Italia
Uma|Vazquez|molestie.tortor.nibh@Utnec.ca|1 84 184 8429-1444|1 51 229 6139-5984|P.O. Box 981, 3290 Ut Road|Temple City|7922DD|NL|Italia
Orson|Whitney|pede@Maurisnulla.edu|1 59 134 9749-0234|1 12 623 8693-4904|5906 Facilisi. Ave|Rancho Santa Margarita|TX9 7QI|ON|Italia
Nigel|Gates|nisl.elementum.purus@mattisCraseget.org|1 68 169 5864-4409|1 29 885 2528-5359|Ap #673-1873 Ultrices Rd.|Frederiksted|9477EH|ELN|Italia
Clinton|Tillman|metus.vitae@Nam.ca|1 97 346 4929-1654|1 59 221 5377-4493|207-6896 Dui Ave|Grambling|74377|U.|Italia
Tobias|Rose|libero.est@accumsaninterdumlibero.org|1 67 107 4058-2210|1 29 546 3756-5853|434-3220 Vivamus Ave|Wausau|0961LM|LA|Italia
Lamar|Stafford|nisl@arcu.ca|1 85 638 1114-4157|1 25 529 9566-9418|7086 Massa Road|DuBois|9119II|IOW|Italia
Leila|Hodges|netus@scelerisquemollis.com|1 96 448 2131-8580|1 50 243 5719-6751|Ap #867-8420 Eu Road|Little Falls|X4J 1S4|VA|Italia
Irene|Camacho|vulputate@interdumNuncsollicitudin.ca|1 66 727 5623-4796|1 73 170 5539-4035|274-1508 Augue. St.|Vernon|15378|NY|Italia
Eugenia|Washington|Duis.at.lacus@convallisestvitae.org|1 33 137 6689-8086|1 89 327 2997-6805|Ap #317-6380 Eu, St.|Sunnyvale|HI2 9FE|PE|Italia
Zachary|Patton|Nunc.quis@NullaaliquetProin.org|1 60 565 3715-3010|1 34 327 5995-4141|9301 Sagittis St.|Syracuse|32569|Fr.|Italia
Elaine|Baird|consectetuer.cursus.et@eleifend.edu|1 35 666 1813-8113|1 15 662 5348-0700|227-7589 Ac Ave|Mobile|2340MT|WEM|Italia
Jenna|Tanner|arcu@estac.edu|1 36 937 5906-7630|1 86 591 3871-1460|365-5047 Donec Road|Pembroke Pines|0690RO|PE|Italia
Judith|Hansen|augue@nequetellus.com|1 81 741 5867-3367|1 43 730 3031-9463|5889 Sit Street|Muskogee|JI88 1NP|NS|Italia
Macey|Wood|dis.parturient@nascetur.ca|1 45 599 1296-8731|1 12 927 6768-0840|170-1027 Neque St.|Newark|PP67 5HP|IL|Italia
Phelan|Kennedy|et.magnis.dis@lobortis.edu|1 32 636 7678-2448|1 10 653 3799-0875|9036 Justo. St.|Eden Prairie|X5U 7C5|NU|Italia
Wyoming|Ball|in.molestie.tortor@Quisquenonummy.edu|1 30 318 7695-5157|1 10 571 1340-3693|Ap #676-6907 Curabitur Rd.|Alameda|15684|MB|Italia
Oscar|Rich|sit.amet.dapibus@eratnonummyultricies.ca|1 48 208 5532-2929|1 94 552 1776-4932|P.O. Box 514, 7641 Lacus. Avenue|La Puente|51414|Gr.|Italia
Fritz|Harrington|Morbi.accumsan.laoreet@Aliquamfringilla.org|1 45 139 3984-4587|1 53 804 3787-7100|8508 Nisl Avenue|Minneapolis|6429LC|OFF|Italia
Clayton|Mckenzie|eu.ligula@Donec.ca|1 94 605 7044-9062|1 71 665 7943-2058|3224 Non, Ave|Plattsburgh|39300|SK|Italia
Dawn|Mercer|eleifend.egestas@nec.com|1 33 844 4291-2380|1 22 943 1399-2128|P.O. Box 497, 5339 Sit St.|Hoboken|8271GZ|SXW|Italia
Bethany|Holden|dictum@sitamet.com|1 47 565 1664-1025|1 95 418 3431-9023|7173 Amet Ave|Baytown|5895MR|AB|Italia
Mohammad|Shields|mollis.dui@luctusvulputate.com|1 10 213 6303-0164|1 74 529 2358-6854|P.O. Box 372, 6435 Nulla Road|Charleston|27468|QC|Italia
Phillip|Sweeney|pede.Nunc.sed@afeugiattellus.com|1 47 922 4665-9263|1 29 155 9429-8477|Ap #106-1617 Augue Av.|Wilkes-Barre|F9O 8Q0|QC|Italia
Murphy|Conway|per.inceptos@laoreet.org|1 28 185 3612-8199|1 49 515 6942-0492|132-8073 Scelerisque Street|Methuen|44016|ID|Italia
Bevis|Conrad|risus.Donec@nislelementumpurus.edu|1 22 362 5759-7346|1 29 120 7505-8960|4281 Lectus Avenue|Butte|KQ9Y 3NW|BC|Italia
Emerson|Saunders|ligula@volutpatnunc.com|1 16 477 8542-7491|1 19 145 9532-2450|Ap #625-3807 Vel Avenue|Phoenix|39694|VA|Italia
Zachary|Sykes|Integer.in.magna@Inat.ca|1 70 216 2858-4957|1 79 749 2360-2401|Ap #279-4099 Varius. Rd.|Fall River|L97 3NP|L.|Italia
Aristotle|Estrada|ipsum.dolor.sit@elementumpurus.org|1 52 253 5087-4199|1 69 894 4795-3156|P.O. Box 869, 2226 Sem Rd.|Middletown|1481IN|NU|Italia
Irma|Glenn|mi@variuseteuismod.ca|1 32 188 8497-6480|1 62 875 4308-8232|2362 Pharetra. St.|Ashland|0039OG|ON|Italia
Erin|Perry|elementum@facilisis.com|1 43 266 4983-2966|1 96 982 3549-9626|P.O. Box 236, 6337 Luctus Street|Irwindale|01209|IL|Italia
Scarlet|Whitaker|orci.consectetuer.euismod@sem.edu|1 70 233 8068-2226|1 13 833 8066-2552|675-4375 Mattis St.|Butler|MB45 6JU|SK|Italia
Dora|Guthrie|Pellentesque.habitant@utnisi.org|1 76 391 5378-5559|1 60 523 3107-1005|5720 Semper, St.|Sherrill|C5J 5X1|L.|Italia
Clark|White|risus.varius.orci@arcuVestibulum.org|1 49 740 3911-5977|1 12 152 2068-9009|277-899 Risus Rd.|Norwalk|01003|N.-Br.|Italia
Dennis|Fletcher|felis.eget@nonmagna.ca|1 24 815 7109-3065|1 97 797 1132-1554|5236 Vivamus Road|Cohoes|93474|Ov.|Italia
Genevieve|Huff|aliquet@cursuspurus.edu|1 61 487 8272-2244|1 24 761 2180-6131|Ap #191-5290 Velit. Road|Charlotte|90727|MA|Italia
Carla|Shannon|elit.elit.fermentum@volutpatnuncsit.ca|1 78 692 7162-2145|1 13 686 4813-2141|P.O. Box 692, 2243 Tristique Street|Sheridan|77594|GA|Italia
Nadine|Mcclure|vulputate.mauris@ac.com|1 40 745 8288-9064|1 84 333 7162-3399|P.O. Box 524, 8953 Mauris Rd.|Mechanicville|AA3 2WF|WAR|Italia
Georgia|Velez|blandit@pharetranibh.com|1 86 786 5389-2348|1 45 263 4922-5965|P.O. Box 452, 7284 Ut Road|Agat|8792NX|U.|Italia
Shelley|Jenkins|mauris.eu.elit@famesacturpis.com|1 24 589 5109-9103|1 97 312 2615-9334|244-677 A, Rd.|Kankakee|GP0 4RZ|ABD|Italia
Noel|Witt|adipiscing.fringilla.porttitor@magna.edu|1 75 409 7628-7642|1 90 337 3652-3203|814-9813 Dui Avenue|Claremore|2209MY|ON|Italia
Justin|Colon|diam.luctus@duinec.ca|1 83 176 3711-7340|1 66 241 2125-0202|Ap #673-1529 Lacinia Road|Littleton|H6O 1U6|BOR|Italia
Portia|Ball|Morbi@Quisque.edu|1 73 585 1137-3865|1 13 211 8828-7867|3307 Id, Rd.|Passaic|DN22 6OY|Gr.|Italia
Xena|Osborn|aliquam.arcu@porttitorinterdum.com|1 41 299 2584-1513|1 14 579 5731-3700|847-4644 Ligula. St.|Signal Hill|V9 7IU|MI|Italia
Georgia|Stanton|Aliquam.ultrices@incursuset.ca|1 29 290 2326-1741|1 32 216 9312-8956|Ap #296-4676 Risus. Rd.|Pullman|S27 0NK|WAR|Italia
Ciaran|Malone|ipsum.ac.mi@dapibusquam.ca|1 68 925 3814-3879|1 69 765 1870-3328|176-9812 Cras St.|Yakima|15106|Gr.|Italia
Blair|Gross|vel.pede.blandit@eratsemperrutrum.org|1 60 902 8021-1210|1 23 633 4078-4997|Ap #949-3508 Ipsum Ave|Georgetown|3213NG|NJ|Italia
Peter|Dudley|lorem@ornarelibero.ca|1 56 844 7116-5468|1 88 913 2615-2035|P.O. Box 667, 3260 Consectetuer Rd.|New Kensington|C8W 3Y5|QC|Italia
Axel|Little|amet.orci@euerosNam.org|1 34 769 1116-4705|1 88 507 9811-4320|Ap #926-3811 Mi Ave|Bartlesville|S3D 8K8|TX|Italia
Lysandra|Fletcher|Maecenas@at.org|1 54 974 7416-8299|1 92 176 8086-8721|772-1658 Tellus Rd.|Vergennes|Q6T 1U3|UT|Italia
Lara|Valenzuela|ut.pellentesque.eget@fringillamilacinia.edu|1 46 878 7334-5265|1 91 309 7999-8957|Ap #558-9011 Neque. Av.|West Valley City|60404|SK|Italia
Mannix|Perry|tempus.lorem@tinciduntaliquamarcu.org|1 70 566 3347-8370|1 24 264 6593-0097|578-2504 Eu Rd.|Cary|UG9 1ST|YT|Italia
Teagan|Cobb|Proin.vel.arcu@Seddiamlorem.com|1 14 401 8663-8895|1 61 669 3698-7278|Ap #475-3401 Phasellus St.|Rancho Cucamonga|TA4J 6UF|AK|Italia
Giselle|Rivers|sit.amet.ultricies@elitfermentum.com|1 20 200 3745-4321|1 46 504 7525-6194|7460 Porttitor Rd.|Beaver Falls|20847|Dr.|Italia
Ira|Barrera|elit.Aliquam.auctor@a.ca|1 66 337 3778-5496|1 31 706 5467-0911|P.O. Box 424, 9062 Semper St.|Uniontown|F8M 9O3|NS|Italia
Gregory|Rowe|libero@ipsum.org|1 98 619 5228-2184|1 47 932 2824-9577|P.O. Box 643, 4497 Senectus Ave|Youngstown|D5O 4S4|ON|Italia
Althea|William|ornare.lectus@ligula.org|1 62 139 9195-5996|1 24 251 6209-3292|182-8462 Dui, Street|Baldwin Park|43853|ME|Italia
Jordan|Sherman|a@dolortempusnon.com|1 95 625 8983-0634|1 68 843 2854-2391|P.O. Box 135, 3727 Vitae St.|Bethany|21820|OKI|Italia
Eric|Hebert|luctus.aliquet@orcilacusvestibulum.org|1 41 971 1120-1518|1 54 947 1506-1895|114-4190 Dignissim Ave|Rolling Hills|5336NK|MGM|Italia
Athena|Odom|Pellentesque@pedenecante.ca|1 48 734 1180-5528|1 25 271 6622-3820|Ap #636-9939 Porttitor St.|Branson|M8T 6SV|Gld.|Italia
Mia|Evans|venenatis@atliberoMorbi.ca|1 12 832 8404-4181|1 67 924 8478-5257|Ap #394-3383 Dictum Road|Salisbury|E8A 6X4|DON|Italia
Zeus|Durham|faucibus.ut.nulla@et.edu|1 98 446 8831-1173|1 36 495 8050-3206|Ap #473-7145 Aenean Rd.|Natchez|C9Z 9G1|WIC|Italia
Laura|Russell|eu.eros@maurissapien.org|1 69 865 9123-8860|1 95 187 2911-3761|8631 Duis Av.|Lima|30332|Z.-H.|Italia
Buckminster|Hartman|mollis.nec.cursus@sagittis.com|1 28 456 2799-4748|1 68 991 2593-0344|Ap #167-9315 Eget, Rd.|Stamford|4541NL|NV|Italia
Nola|Lang|sem.semper.erat@IntegerurnaVivamus.ca|1 13 258 5145-0354|1 71 996 4592-1896|991-7286 Pretium Av.|Isle of Palms|91406|WOR|Italia
Oprah|Randall|iaculis.quis@cursuset.edu|1 41 310 9793-7671|1 66 307 9189-7464|8168 Quis, Street|Manitowoc|83081|OH|Italia
Arthur|Gaines|aliquet.Proin@tristiquepharetra.com|1 52 326 1663-5487|1 47 245 3462-1524|4990 Purus Ave|Auburn|J54 3FB|Ov.|Italia
Sybill|Frazier|Morbi.sit@risusaultricies.org|1 50 813 3201-7044|1 59 981 9584-1334|857-3533 Pharetra Rd.|South El Monte|Z3M 3I5|MT|Italia
Zorita|Hodge|purus.Maecenas.libero@necmollis.edu|1 83 418 4712-1913|1 94 727 4213-7031|Ap #971-6082 Arcu. Rd.|Haverhill|N2K 3I6|Gld.|Italia
Daniel|Hutchinson|urna.et@Donecatarcu.edu|1 24 356 9129-7527|1 14 237 8715-4389|6161 Et Av.|Altoona|G5T 2Q9|BC|Italia
Melyssa|Sharp|mollis@arcuimperdiet.ca|1 75 314 3029-6297|1 54 560 5730-1469|Ap #731-5647 Aliquam Ave|Hammond|56159|AK|Italia
Michelle|Hurley|lorem.ac@Pellentesquehabitant.edu|1 98 335 3029-7820|1 77 773 7848-8453|6442 Erat Avenue|Ansonia|3106FH|NS|Italia
Rhoda|Marsh|cursus.et.magna@purusinmolestie.com|1 43 478 7576-2737|1 25 777 1271-0795|159-9896 Enim. Rd.|Seward|5201BR|AK|Italia
Madaline|Romero|eu.turpis.Nulla@enimCurabiturmassa.edu|1 99 985 5496-4707|1 42 853 5915-9127|Ap #762-7544 Ultrices, Rd.|Macon|KE2 8DW|Zld.|Italia
Caryn|Santiago|Cum.sociis.natoque@fermentum.org|1 97 814 7704-4501|1 92 484 3031-0638|P.O. Box 370, 5399 Sed Av.|Bentonville|1509PN|NL|Italia
Shaine|Welch|luctus.ut.pellentesque@Integer.org|1 40 368 8500-0114|1 36 522 1536-1540|566-2965 Sit Ave|Passaic|JK3 8LK|KY|Italia
Cecilia|Snider|Nulla@velitAliquamnisl.ca|1 58 499 8623-9994|1 33 817 2037-3282|P.O. Box 135, 986 Lacus. Street|Muncie|5721ZQ|AB|Italia
Tad|Farmer|natoque@ligulaAliquam.edu|1 27 300 6316-4759|1 33 233 8423-9322|Ap #179-9660 Quis Avenue|Sturgis|9883AO|QC|Italia
Igor|Taylor|at.arcu@ipsumportaelit.ca|1 17 339 1261-1594|1 58 488 9660-3642|8842 Eu, St.|Burlingame|L3 6MO|RUT|Italia
Colorado|Decker|ut.eros@porttitor.com|1 79 506 1261-2532|1 27 672 2089-8310|P.O. Box 185, 1996 Sem Ave|Rochester|U6 7CI|SUT|Italia
Alma|Anderson|porta@non.ca|1 12 743 7207-3253|1 93 174 3671-8229|P.O. Box 792, 9005 Dui St.|Corvallis|QI2V 3BD|NV|Italia
Josephine|Ellis|fermentum@Etiamvestibulummassa.ca|1 83 277 2851-0566|1 89 529 7851-4466|Ap #819-4446 Tortor, Rd.|Haverhill|C8 8YL|WOR|Italia
Shaine|Mack|enim@sitamet.ca|1 20 357 9315-1692|1 30 209 6906-6741|Ap #867-4673 Dui. Rd.|Seal Beach|46778|NL|Italia
Mollie|Gilmore|Suspendisse.ac@eget.org|1 46 400 5061-8007|1 84 462 2016-3336|P.O. Box 855, 8230 Erat St.|Grafton|K6R 4E8|NB|Italia
Evangeline|Holcomb|parturient.montes.nascetur@loremDonec.org|1 31 168 8787-5117|1 67 499 3221-2347|992-6266 Vitae Avenue|Paducah|I0 5BW|N.-H.|Italia
Meghan|Dotson|neque.venenatis.lacus@risus.ca|1 40 275 8942-8090|1 72 133 9690-1363|Ap #120-2298 Scelerisque Street|West Valley City|7626BN|NV|Italia
Nevada|Montoya|id@tristiquesenectus.ca|1 69 323 4593-7841|1 60 511 9724-2119|248-1589 Facilisis St.|Auburn Hills|2478KD|SC|Italia
Myles|Duffy|ornare@Proin.edu|1 70 289 5046-1476|1 72 456 5191-9782|649-6945 Fames Rd.|Clarksburg|05209|ND|Italia
Cairo|Vincent|semper@anunc.ca|1 59 838 1145-7174|1 97 928 9203-8958|986-1090 Vel, St.|Urbana|27032|HUN|Italia
Hyacinth|Yang|orci.Ut@sagittislobortismauris.ca|1 88 873 6950-9698|1 61 665 9163-4274|P.O. Box 332, 3597 Dictum Road|Bandon|U5U 7A7|Ov.|Italia
Stacy|Carlson|Nulla.tincidunt.neque@enim.edu|1 45 309 1513-8240|1 19 879 6363-8910|P.O. Box 985, 6713 Ultricies Rd.|Indio|44005|VA|Italia
Rigel|Shepherd|enim.Sed.nulla@natoquepenatibuset.ca|1 46 838 8248-2027|1 17 217 7665-5633|P.O. Box 701, 8231 Nullam Avenue|Moraga|Y13 2NG|LET|Italia
Dora|Gordon|libero.mauris.aliquam@auctor.org|1 79 403 7953-8164|1 17 823 1795-8582|898-6201 Eleifend, Av.|Beacon|12618|U.|Italia
Ainsley|Holden|Morbi@turpisvitaepurus.edu|1 77 925 2745-5054|1 17 768 5674-2057|398-8238 Odio. Av.|Camden|K5 8CA|NT|Italia
Aphrodite|Petersen|Nunc.ullamcorper.velit@adipiscingnon.com|1 39 634 3527-8089|1 82 563 5005-0268|629-6739 Nec, Road|Orem|0955FJ|NT|Italia
Kiayada|Sweeney|ipsum.Suspendisse.non@Integereu.edu|1 18 366 4900-6759|1 74 536 8791-1960|544-6377 Pellentesque Rd.|La Habra|10300|SLI|Italia
Kerry|Frederick|vel@sempercursusInteger.org|1 91 888 8542-0174|1 18 539 6673-4497|6959 Diam Av.|Juneau|25701|MB|Italia
Lyle|Gay|mollis.non.cursus@nuncullamcorper.org|1 36 170 1568-3329|1 34 505 6298-5049|Ap #102-2609 Sed Rd.|Springfield|6731LE|NS|Italia
Upton|Bender|sagittis@variusNamporttitor.com|1 69 508 5545-8211|1 99 503 7621-1301|8628 In Rd.|Waterloo|44690|STS|Italia
Abigail|Flynn|nascetur.ridiculus@pedeSuspendisse.edu|1 11 415 4399-2886|1 62 232 2460-8201|Ap #796-7589 Sed Rd.|McKeesport|R5N 9L4|UT|Italia
Maia|Zimmerman|elementum@facilisis.com|1 26 717 6733-4825|1 57 141 6648-5455|Ap #554-8391 Blandit Road|The Dalles|B8 1UE|PA|Italia
Kimberley|Key|pulvinar.arcu.et@velnislQuisque.org|1 24 359 8335-8149|1 75 883 1350-0465|952-3966 Non, Rd.|Ithaca|A3N 3QC|Z.-H.|Italia
Amelia|Watts|Maecenas.iaculis@ridiculusmusDonec.ca|1 17 463 8267-6013|1 14 830 9584-6355|Ap #469-8545 Primis Avenue|Natchez|2505DW|NB|Italia
Judith|Kelley|est.ac@ametrisus.com|1 97 843 6399-2514|1 76 638 5595-1106|P.O. Box 847, 889 Curae; Rd.|Bangor|59498|GMP|Italia
Britanni|French|sit@Curae;.edu|1 12 222 8989-8993|1 85 334 2855-4267|2444 Et, St.|Beverly|2270GP|Dr.|Italia
Hall|Houston|faucibus.orci.luctus@vulputateposuerevulputate.org|1 54 170 8217-4269|1 59 652 3527-4718|4708 Etiam Av.|Jacksonville|49921|NFK|Italia
Leroy|Taylor|augue.Sed@risusDuis.com|1 90 338 4232-0863|1 71 373 5831-2971|Ap #417-4756 Nisi Avenue|McAlester|Y2D 2OJ|NB|Italia
Chastity|Thompson|id.magna.et@parturientmontes.ca|1 59 820 4167-6113|1 23 539 9639-2411|Ap #880-5881 Dui Ave|Bakersfield|2884MO|MO|Italia
Brooke|Alvarez|egestas@senectusetnetus.com|1 81 803 1789-2977|1 25 560 1778-2592|P.O. Box 631, 5133 Suspendisse St.|Atlanta|0047XL|RI|Italia
Octavius|Gallagher|ligula.tortor@quistristique.org|1 36 128 8204-7111|1 21 690 1982-7890|Ap #829-2443 Felis Ave|Roswell|9312KN|NFK|Italia
Roary|Trujillo|egestas.Aliquam@eleifendnondapibus.org|1 23 513 9897-1624|1 65 599 1047-2051|P.O. Box 247, 928 Erat, Road|Hawthorne|N8P 3TJ|NS|Italia
Beverly|Horn|erat@utnisi.com|1 33 575 1172-2178|1 66 403 8583-4948|125-9111 Nunc, Rd.|New Britain|3955SU|Z.-H.|Italia
Brock|Avery|mi.lorem@elitCurabitursed.com|1 24 262 2062-0254|1 75 912 7902-5535|118-1661 Purus Av.|Mentor|1752LT|Ov.|Italia
Thane|Massey|Praesent.eu@Praesent.edu|1 51 786 8608-8621|1 80 704 5318-9575|6824 Diam Avenue|Cerritos|90467|GA|Italia
Paula|Yang|tempor.est.ac@sit.ca|1 43 838 6804-6769|1 55 192 7573-7507|4865 Tincidunt Rd.|Mankato|34793|PE|Italia
Vincent|Webster|nunc.ullamcorper@luctusvulputatenisi.org|1 56 111 1946-6918|1 85 354 6286-7956|Ap #572-2312 Dui Rd.|Beaumont|G4H 2W9|AVN|Italia
Kirby|Whitney|amet@auctorquis.ca|1 20 877 5230-5427|1 75 184 9720-4853|3079 Adipiscing Rd.|La Cañada Flintridge|3918GO|ABD|Italia
Noble|Morrow|interdum.ligula@sagittis.com|1 35 711 2061-3127|1 52 925 5125-1728|9088 Urna. Av.|Centennial|8450NF|GLS|Italia
Riley|Olson|metus.In@elit.edu|1 57 429 3671-5840|1 88 683 7921-3990|815-2478 Ullamcorper. St.|Reading|A4X 6EB|GA|Italia
Eleanor|Reynolds|dui.augue.eu@tempusnon.ca|1 60 851 4632-8175|1 21 473 4939-1219|602-6894 Gravida. Av.|Chandler|TS9 3BE|Fr.|Italia
Alexa|Bryant|et@quisdiam.org|1 52 961 9464-1806|1 67 698 7196-8269|Ap #490-7313 Mauris Avenue|Yazoo City|QW51 5BH|WV|Italia
Keefe|Sykes|risus.Donec@tellus.ca|1 98 682 6462-4390|1 35 286 4173-1590|P.O. Box 795, 974 Consequat St.|Winston-Salem|WY22 6MR|AB|Italia
Tatyana|Blackburn|consectetuer.rhoncus.Nullam@dictum.org|1 49 641 8598-4553|1 57 612 3170-4895|9396 Risus. Street|Aliso Viejo|66041|NV|Italia
Zena|Blankenship|vel.faucibus@Nam.ca|1 45 183 9382-1822|1 79 983 1766-3564|Ap #123-2355 Mauris Street|Baldwin Park|W1F 2X4|Ov.|Italia
Martha|Johns|accumsan@ipsumnon.org|1 24 388 4054-3505|1 50 769 2969-5150|Ap #614-2663 Nibh Rd.|Placentia|5885KH|Dr.|Italia
Germane|Coffey|ornare@egetodio.ca|1 36 297 6421-7922|1 50 105 4957-4905|2390 Sed Road|Galveston|42607|Gld.|Italia
Neville|Graham|purus.mauris@aliquamarcu.edu|1 46 985 9373-3966|1 81 942 6340-2976|P.O. Box 630, 8042 Amet, Rd.|Joplin|G77 6MB|Gr.|Italia
Sandra|Mckenzie|Nulla.eget.metus@non.org|1 33 509 9605-4472|1 75 939 9336-0646|4794 Quis, Rd.|Apple Valley|42849|HLD|Italia
Lila|Wiley|rutrum@Nulla.com|1 65 262 6351-1013|1 96 670 5508-8747|P.O. Box 215, 4627 Posuere St.|Pueblo|KY17 5HX|NU|Italia
Selma|Church|consectetuer@sapienAeneanmassa.edu|1 58 737 7491-1675|1 69 302 2664-1722|9756 Sagittis Rd.|Stillwater|68632|N.-Br.|Italia
Vladimir|Reese|non@ametfaucibusut.com|1 51 858 2867-8663|1 52 215 5618-8476|172-4305 Consectetuer St.|Vineland|4043SF|MO|Italia
Berk|Parker|montes.nascetur.ridiculus@ultricies.ca|1 15 281 8869-2515|1 11 948 2520-0017|7262 Mauris, Av.|Muskegon|7746OD|Z.-H.|Italia
Ruby|Ross|amet@scelerisquelorem.ca|1 84 996 7946-7059|1 83 549 6973-6014|P.O. Box 882, 2109 Sed Road|West Covina|W9U 8K4|NU|Italia
Gwendolyn|Austin|iaculis.enim@sociisnatoque.edu|1 92 217 5483-6777|1 67 651 1150-6746|119-7535 Erat Ave|Elsmere|30488|N.-Br.|Italia
Fuller|Fox|eros.Proin.ultrices@Integersem.ca|1 90 664 4016-0893|1 73 411 3979-5038|956-1759 Laoreet St.|Diamond Bar|93195|Dr.|Italia
Camille|Best|vel.arcu.eu@at.com|1 91 804 7960-9829|1 61 381 8611-4534|Ap #588-9965 Maecenas Ave|Oklahoma City|61668|NTH|Italia
Felix|Berry|semper.Nam.tempor@enim.ca|1 37 281 6273-7704|1 66 623 5991-8448|P.O. Box 859, 3797 Augue. Rd.|Hope|GT2 4NO|OR|Italia
Desiree|Hansen|lectus@NullainterdumCurabitur.org|1 10 949 3090-4370|1 64 219 8323-1265|758-7660 Justo. Street|Hollister|86096|Gr.|Italia
Michelle|Drake|a.mi@ut.edu|1 57 383 8362-0358|1 24 514 2281-0282|Ap #322-8315 Senectus Rd.|Bangor|W4Z 2A1|SFK|Italia
Dean|Michael|orci.lacus.vestibulum@antedictummi.com|1 99 772 6478-2883|1 72 492 6263-3150|8166 Lectus Street|Reno|44008|CAV|Italia
Keiko|Holcomb|vulputate.nisi.sem@tempordiam.com|1 67 899 4986-7634|1 58 958 8379-1345|3827 Nec, Road|Sheridan|Q5D 1M0|PER|Italia
Cheyenne|Talley|luctus.et@urnaVivamusmolestie.edu|1 53 387 7016-4916|1 66 761 8235-3072|9852 Non Road|Meridian|7205JF|Z.-H.|Italia
Sade|Bentley|augue@ac.org|1 64 161 3252-2175|1 90 643 8610-0581|701-598 Nunc Street|Waterloo|O3K 8X6|MT|Italia
Illana|Buckner|eu.placerat@mollisneccursus.ca|1 92 583 2178-1693|1 32 701 4028-5126|Ap #806-9557 Eu St.|Monterey|4365CL|PE|Italia
Nora|Ramirez|pede@Integer.edu|1 96 323 9297-2576|1 91 342 7191-2089|P.O. Box 209, 8599 Egestas Ave|Binghamton|I1C 6A8|N.-Br.|Italia
Mara|Prince|et.netus.et@iaculisodio.ca|1 62 842 8230-0472|1 78 338 2146-6824|8700 Consectetuer St.|Wisconsin Rapids|V9K 7E7|CLA|Italia
Upton|George|non.sapien.molestie@mi.com|1 66 259 6204-1093|1 88 750 5236-7850|707-2966 Consectetuer Av.|Waukegan|4207HL|SK|Italia
Darrel|Webb|lectus.pede.ultrices@accumsansed.org|1 18 559 2328-6110|1 64 136 5209-5214|712 Tortor. Rd.|Brea|64787|DC|Italia
Jolene|Roman|elit@purus.edu|1 50 192 2426-3372|1 33 701 5088-1739|P.O. Box 219, 474 Ullamcorper Avenue|Nacogdoches|P5F 1T8|Fl.|Italia
Urielle|Greene|Donec@euodiotristique.ca|1 75 804 9960-9220|1 86 384 1356-0863|P.O. Box 523, 7009 Aenean Ave|Stanton|8438DK|QC|Italia
Ezekiel|Boyle|primis@sem.edu|1 84 148 2106-8863|1 71 752 2358-1712|323-1061 Pede Av.|Hamilton|W5I 1M9|YT|Italia
Oprah|Bradshaw|et.libero.Proin@eget.org|1 22 325 2194-2303|1 25 720 6242-5596|2657 Fermentum Avenue|Long Beach|8209KA|MN|Italia
Lee|Barton|fames.ac.turpis@ligula.edu|1 65 615 3351-5010|1 84 189 1254-6507|5170 Tempor Avenue|West Palm Beach|O5R 8W1|CWD|Italia
Arsenio|Neal|sem.semper@quamdignissim.edu|1 11 862 6814-3084|1 63 142 3464-5252|5847 In, Road|Michigan City|35993|AB|Italia
Amal|Reyes|non.egestas@in.com|1 64 817 4457-2131|1 97 786 9906-0268|P.O. Box 597, 1411 Proin Ave|Ontario|87333|LIN|Italia
Jael|Chambers|semper.et@malesuadafringillaest.com|1 80 406 3742-3593|1 58 281 5960-3455|280-1599 At Av.|College Station|F97 0JB|Zld.|Italia
Ross|Vasquez|Maecenas.mi@quamvel.org|1 56 191 8850-0725|1 91 395 4343-0929|602-7530 Nibh. St.|Ventura|93678|Z.-H.|Italia
Justin|Beasley|luctus.sit@sedtortor.ca|1 13 895 8272-8410|1 30 488 3568-4934|P.O. Box 630, 5623 Sapien, Av.|Beacon|0523HM|BC|Italia
Patrick|Marks|cursus.diam.at@faucibuslectusa.com|1 78 202 8833-3337|1 49 972 5900-0086|413-7197 Commodo Rd.|Cedarburg|14797|BC|Italia
Luke|Hernandez|Vivamus@imperdietdictum.com|1 66 475 1694-0761|1 67 637 4415-9313|P.O. Box 160, 8389 In Rd.|Paramount|K3F 1H6|ELN|Italia
Barclay|Sharp|risus.a.ultricies@magna.edu|1 84 407 8579-3465|1 89 892 5927-1889|P.O. Box 411, 7921 Integer Ave|Atlantic City|B5B 6I9|NYK|Italia
Melissa|Hansen|velit.justo@idblanditat.edu|1 66 146 9182-9901|1 96 259 2578-1455|542-6637 Leo. Rd.|Agoura Hills|M8 6RS|AZ|Italia
Lucius|Morrow|elit@urnasuscipit.ca|1 31 976 5718-1783|1 53 219 9165-2418|695-806 Vel Street|Salem|54425|CT|Italia
Rogan|Hopper|lacus.Ut.nec@malesuadafames.edu|1 13 445 3887-5953|1 90 732 3665-7431|Ap #336-5625 Cras Road|New Madrid|01290|NE|Italia
Ronan|Mccarthy|vitae.nibh@amifringilla.org|1 53 597 6302-6682|1 69 588 5843-4210|5904 Libero Street|Bay City|53616|PE|Italia
Lynn|Vincent|quam@pedeNuncsed.org|1 74 816 1143-9043|1 99 661 4356-6735|109-8765 Sed, Road|Bay St. Louis|11836|NTH|Italia
Maxwell|Nelson|In@liberoDonecconsectetuer.org|1 43 316 8191-1826|1 64 747 4600-3660|5686 Mi Avenue|Mechanicville|73555|NS|Italia
Daryl|Welch|Aliquam.auctor@anteipsum.com|1 12 449 1480-2454|1 33 879 3279-6725|4740 Consequat St.|Mentor|X4 6ZX|CGN|Italia
Lilah|Cohen|in.magna.Phasellus@dolorsitamet.org|1 35 782 9451-4964|1 75 935 8859-7059|6966 Massa. St.|Roanoke|L1L 4M9|U.|Italia
Martina|Pratt|Aliquam.auctor@eleifend.ca|1 81 587 5773-4546|1 14 239 2880-0277|P.O. Box 785, 5234 Pretium Ave|Temecula|T7N 6N8|AB|Italia
Gregory|Gates|Pellentesque.habitant@nulla.edu|1 78 300 3241-1647|1 54 655 2035-4897|189 Aliquam, Ave|Tupelo|17849|NL|Italia
Signe|Kline|mus.Proin@enim.org|1 15 353 2389-3880|1 60 854 8808-8173|866-9483 Ac Street|Middletown|D7I 5O2|QC|Italia
Brock|Mcconnell|magna.Duis@porttitorinterdum.org|1 33 706 5313-2764|1 84 739 1031-8324|4248 Sed Av.|La Habra|F1 4RL|OKI|Italia
Britanney|Buckner|luctus@utnisi.ca|1 54 138 4872-6277|1 99 935 4950-2213|Ap #491-297 Viverra. St.|East St. Louis|Q7N 5L7|KKD|Italia
Hilda|Schroeder|Lorem.ipsum.dolor@lorem.org|1 20 834 2416-4446|1 11 256 9623-5874|Ap #751-3656 Lacus Ave|San Francisco|E3K 6K0|OH|Italia
Noel|Schneider|dui.semper@aodiosemper.org|1 16 580 4660-0482|1 61 625 6331-0288|Ap #789-8715 Nisl. Street|Oklahoma City|5471DV|MB|Italia
Solomon|Wise|Phasellus.dolor@pellentesquemassa.ca|1 87 175 7915-8791|1 34 945 7614-0230|Ap #384-5821 Augue Ave|Joplin|D6 4BT|YT|Italia
Samantha|Hardy|porttitor@adipiscingelitEtiam.ca|1 12 936 9935-2902|1 61 802 6011-9293|121-2298 Eu Street|Hoover|S9E 6I7|FL|Italia
Xander|Boone|Aenean.euismod.mauris@Fuscedolorquam.com|1 80 684 8078-3114|1 80 653 4462-6516|618-7423 Ligula. Road|Douglas|0001TX|ANT|Italia
Ariel|Mcgowan|Suspendisse@pede.edu|1 32 649 2837-5538|1 63 970 8298-1797|6518 Amet, Road|Inglewood|04812|MB|Italia
Meredith|Holden|eget.tincidunt@tempor.com|1 45 452 4227-0910|1 81 472 7914-7211|365-2609 Luctus Ave|Redondo Beach|HD9N 4RO|FL|Italia
Yen|Tanner|penatibus@ornarefacilisiseget.edu|1 55 362 1052-7490|1 68 605 2346-5364|P.O. Box 901, 4203 Tellus Street|Rye|L7S 4JZ|Z.-H.|Italia
Robin|Snyder|lacus.Nulla@faucibusorciluctus.ca|1 62 226 7596-0706|1 28 462 4892-1310|4911 Sagittis. Rd.|Gaithersburg|MY4 2NJ|SK|Italia
Cora|Roy|et.netus@adipiscing.org|1 93 834 8198-6253|1 74 899 2852-7745|Ap #438-486 Eleifend Street|Montgomery|91700|ON|Italia
Alexa|Mitchell|velit.eget.laoreet@Pellentesquehabitant.ca|1 23 687 2217-6133|1 12 483 5507-6173|1258 Eu, Ave|Monroe|1923FI|BC|Italia
Kaitlin|Randall|Nullam.lobortis@tortor.ca|1 37 635 9428-5899|1 18 230 5489-9046|6072 Lectus. Av.|Powell|2481XC|L.|Italia
Wing|Roth|nunc.sed.pede@molestieintempus.ca|1 71 786 4452-0223|1 57 276 3702-6524|508-3502 At, Rd.|Brooklyn Park|X3M 3W7|YKS|Italia
Nomlanga|Stewart|tristique.pharetra@ante.com|1 58 963 3266-5736|1 76 205 8368-0258|P.O. Box 777, 3184 Phasellus Av.|Lynwood|1853NG|NH|Italia
Dahlia|Osborn|congue.In.scelerisque@volutpatornare.com|1 43 692 3729-1754|1 94 939 2327-8295|P.O. Box 557, 817 Augue Ave|Lancaster|JA81 3WH|CA|Italia
Magee|Hyde|elit.elit.fermentum@necurnaet.org|1 72 524 3393-8702|1 89 407 7223-2007|Ap #866-3789 Eu Av.|Denver|44183|NS|Italia
Veda|Hurst|ac.urna@non.edu|1 55 555 3338-2602|1 65 774 2323-8223|Ap #801-5181 Aenean Street|Bell|P8I 9C1|Z.-H.|Italia
Sasha|Ewing|at@iaculisnec.org|1 74 707 4231-7448|1 12 203 4216-7549|383-2741 Luctus Ave|Corry|24348|NS|Italia
Eve|Cooley|sollicitudin@necquam.org|1 73 327 3056-3880|1 80 615 4687-6908|944-8720 Conubia Street|Bozeman|J1J 4O0|PE|Italia
Audrey|Harrington|bibendum.fermentum@tinciduntpedeac.org|1 56 555 7896-7098|1 49 385 3583-3037|Ap #482-5570 Proin St.|Billings|Q6U 5P4|MB|Italia
Fredericka|Goff|senectus.et.netus@sedestNunc.org|1 97 835 2406-9179|1 83 729 2565-6799|Ap #147-5189 Vel, Ave|Niagara Falls|0354LD|N.-H.|Italia
Dane|Carpenter|Fusce.mollis.Duis@hymenaeosMauris.ca|1 98 688 3643-1114|1 25 959 2969-3014|988 Mi Road|Gilbert|96823|LIM|Italia
Aidan|Mcclain|lacus@fermentum.edu|1 18 139 3877-6804|1 80 162 5989-4590|P.O. Box 122, 1324 Eu St.|Concord|O8M 4O2|AB|Italia
Emi|Mcclure|enim.commodo.hendrerit@at.com|1 12 902 7037-1563|1 24 850 1543-0666|Ap #329-5985 Non, St.|Ontario|R7I 6CD|CT|Italia
Dorian|Wiggins|nisl@fames.org|1 38 394 7110-7842|1 52 612 7995-0780|P.O. Box 886, 8233 Massa St.|High Point|I3W 5K8|GSY|Italia
Lars|Branch|Nulla.facilisis.Suspendisse@Sedcongueelit.ca|1 48 528 6394-1323|1 64 218 1204-7798|Ap #345-6963 Quisque Av.|Broken Arrow|I9V 7W2|DC|Italia
Victor|Gonzales|amet.consectetuer.adipiscing@nonummyut.ca|1 89 588 1653-3646|1 93 462 7541-7210|456-7524 Felis. Avenue|Forrest City|1137SS|Gr.|Italia
Kiona|Cross|egestas@ametnullaDonec.com|1 23 524 7191-9242|1 36 614 3274-0102|P.O. Box 807, 1262 Ante Av.|Frederiksted|O5 3TM|AK|Italia
Allistair|Patel|eros.turpis@fermentum.com|1 92 502 7119-9221|1 98 735 2828-8195|Ap #489-4912 Eu St.|Moorhead|60681|TN|Italia
Francesca|Moore|dis.parturient@erat.com|1 46 455 9156-5023|1 18 376 5348-1328|6819 Mattis Av.|Grand Forks|7986DK|NB|Italia
Keelie|Gonzalez|pellentesque.eget@risusatfringilla.org|1 46 778 5675-3096|1 89 540 9774-2796|Ap #930-7641 Proin St.|Aliso Viejo|TM0 4FP|QC|Italia
Jaime|Tyson|Ut.sagittis@justoeuarcu.edu|1 25 911 1370-0865|1 61 693 3768-1721|6191 Ornare, Ave|Weymouth|Y3J 1Q1|Ov.|Italia
Keaton|Sharp|magnis.dis.parturient@Mauris.com|1 80 562 6905-5067|1 99 105 3022-8676|7899 Enim Street|Merizo|02162|DE|Italia
Joelle|Brock|Nunc.mauris.sapien@Cras.ca|1 27 103 8680-5661|1 56 553 7744-8399|P.O. Box 622, 3654 Purus. Rd.|Gardner|3620NG|TAY|Italia
Kellie|Cobb|sagittis@ipsumdolorsit.com|1 38 728 8794-1375|1 63 768 1209-9641|9326 Nec Street|Nanticoke|25613|ON|Italia
Astra|Morales|ut.aliquam@est.ca|1 53 740 2594-5908|1 73 444 8193-0237|P.O. Box 280, 1008 Elit Street|Moscow|06066|NS|Italia
Farrah|Weeks|egestas.lacinia@ametmassa.ca|1 46 960 6426-6322|1 23 929 5711-3243|400 Faucibus St.|Arvada|Y8 6PG|WES|Italia
Catherine|Hendrix|mollis.Integer.tincidunt@adipiscingenim.org|1 40 782 2103-8040|1 73 839 2220-4828|Ap #678-9285 Dolor. Street|Wausau|TZ88 9HT|AB|Italia
Megan|Beck|eget@Vivamus.ca|1 72 169 3162-1398|1 38 721 5383-0990|483-5664 Mollis. Ave|Camden|TQ9 9HE|VT|Italia
Xavier|Merrill|enim@sagittis.ca|1 44 935 9193-6002|1 86 279 4755-6443|187-5394 Pretium Rd.|Signal Hill|2143CU|IA|Italia
Kathleen|Koch|purus.in.molestie@nislQuisquefringilla.edu|1 42 585 1491-0774|1 99 830 6314-6101|P.O. Box 460, 5198 Facilisis. Rd.|La Habra|31080|Z.-H.|Italia
Quemby|Vincent|Integer@fermentumconvallisligula.com|1 12 122 2172-5271|1 30 338 3570-5984|871-3282 Enim Avenue|McKeesport|7469EW|MOG|Italia
Nathaniel|Rocha|cursus@sapien.com|1 22 396 4812-1635|1 57 239 1736-3131|P.O. Box 858, 2258 Ligula. Avenue|Farrell|2780WA|MB|Italia
Beatrice|Villarreal|urna.et@ametloremsemper.com|1 65 596 7885-0165|1 43 442 4687-4883|500-2965 Cras Av.|Walnut|86575|Z.-H.|Italia
Adrian|Collier|ut.nulla.Cras@Aliquamadipiscing.edu|1 39 618 9372-8027|1 80 448 9665-4066|P.O. Box 118, 1768 Ut St.|Gary|L8 6UP|N.-H.|Italia
Joshua|Davis|Nunc.sollicitudin.commodo@dictum.org|1 73 979 6506-5195|1 94 452 1586-6218|8326 Aliquam St.|Palos Verdes Estates|R4E 3Y1|YT|Italia
Dylan|Greer|et.eros@facilisismagna.com|1 42 164 9758-5257|1 99 918 1144-0574|P.O. Box 704, 9733 Aliquet Rd.|Kahului|C4Z 8Z8|NL|Italia
Gloria|Watson|Duis.sit@mattis.org|1 55 219 3798-7487|1 52 722 6650-6646|Ap #603-3003 Fames Rd.|Boston|2060BO|MT|Italia
Nerea|Durham|arcu@famesacturpis.com|1 95 231 3078-3897|1 29 410 1944-4417|Ap #557-5918 Etiam St.|Maywood|81099|PA|Italia
Zachery|Pitts|nulla.at@leoCrasvehicula.edu|1 28 569 3208-8638|1 52 141 9347-0377|Ap #279-525 Adipiscing Avenue|Rock Island|K0 8RD|L.|Italia
Ebony|George|vitae.diam@sitamet.edu|1 90 238 9184-3813|1 55 422 5973-0163|7372 Curabitur Road|Lander|61752|NS|Italia
Suki|Spears|risus.Donec.egestas@vestibulum.ca|1 18 219 8432-3071|1 93 368 5180-5984|Ap #741-9853 Nisl. St.|Parkersburg|U4A 3T2|ANS|Italia
Griffith|Woods|Mauris.non@sitamet.edu|1 50 935 6503-5786|1 53 780 1390-1631|Ap #565-6382 Curabitur Rd.|Battle Creek|LC2 9EQ|Zld.|Italia
Rylee|Stuart|pede@necquamCurabitur.ca|1 97 439 4949-5551|1 96 498 1475-5144|231-915 Ipsum Street|East Rutherford|OV9M 3XB|SK|Italia
Mariko|Rosa|nibh.lacinia.orci@pretium.com|1 78 722 9540-8353|1 25 854 9481-2970|551-7571 Tempor Rd.|Augusta|2548AM|BOR|Italia
Macy|Snyder|et@orciquislectus.ca|1 98 969 8123-8263|1 52 732 3063-9298|Ap #148-9945 Duis St.|Lower Burrell|19731|JSY|Italia
acqueline|Barnett|Integer@arcu.com|1 98 428 3788-7837|1 85 668 8702-5525|3410 Imperdiet, Rd.|Wynne|J2B 6X9|Ov.|Italia
Lawrence|Goff|dictum@risus.ca|1 21 473 9598-8970|1 49 298 1358-1935|Ap #957-4964 Senectus Rd.|Vail|64924|QC|Italia
Plato|Jefferson|a@libero.edu|1 81 375 7814-8638|1 50 442 8232-8493|Ap #208-7136 Lorem Rd.|Jackson|28609|NE|Italia
August|Mayer|rutrum@felisadipiscingfringilla.ca|1 21 661 9375-5497|1 41 612 5210-8913|P.O. Box 121, 5113 Metus. Ave|Gilette|Y3C 4B6|NY|Italia
Savannah|Deleon|Sed@placeratvelitQuisque.com|1 82 296 3683-1143|1 17 448 1247-9351|8714 Hendrerit Ave|Watervliet|E7R 5J4|IN|Italia
Noelle|Bond|est@vitaesemperegestas.com|1 41 477 5234-0311|1 58 892 3779-0661|P.O. Box 432, 2247 Sed Av.|Indio|DG0 3QL|Zld.|Italia
Jerry|Hinton|arcu.Vestibulum@semperauctorMauris.org|1 72 233 2145-3809|1 12 938 4780-3358|Ap #967-7532 Sed Street|Denver|55070|NJ|Italia
Tucker|Solomon|Mauris.ut.quam@ultriciesdignissimlacus.edu|1 63 498 3617-6808|1 85 582 5434-0339|Ap #629-6601 Eu Rd.|Easthampton|E8I 8Z0|BRK|Italia
Mia|Serrano|quis.pede@ipsumdolor.com|1 70 609 8664-3834|1 12 792 8409-7766|2825 Nibh. Rd.|Spokane|4822MX|U.|Italia
Ryan|Gonzalez|posuere@erosProin.edu|1 78 944 6795-9823|1 30 655 5232-3607|568-9710 Tristique Av.|Wynne|47417|Fl.|Italia
Sloane|Farley|in@eunibhvulputate.org|1 27 178 8471-9613|1 65 106 8083-3225|847-3903 Justo Ave|Middletown|3528FL|U.|Italia
Benedict|Cantrell|eu.placerat@Praesenteudui.org|1 39 855 2299-5560|1 81 463 8423-5746|Ap #962-8232 Facilisis Street|Visalia|MM8R 4UH|GLA|Italia
Nina|Joseph|rutrum.eu.ultrices@rhoncusidmollis.ca|1 58 322 5813-7002|1 58 996 2805-6521|P.O. Box 662, 5981 Tellus. Ave|Newport|87468|WOR|Italia
Keaton|Parsons|est.ac@acmetus.com|1 42 104 3523-1896|1 78 414 3982-8575|8521 Egestas Street|North Las Vegas|S4P 9W8|NBL|Italia
Guy|Bright|eleifend.non.dapibus@adlitora.org|1 55 402 9158-9110|1 84 783 5131-4955|P.O. Box 295, 6080 Ullamcorper St.|Midland|59865|TX|Italia
Larissa|Goodman|lacus.Nulla@eueuismodac.org|1 11 996 5975-1318|1 37 814 4800-7861|2282 Conubia St.|Muncie|5890TS|OK|Italia
Felix|Hess|lorem.vehicula@Fuscedolorquam.com|1 91 277 3980-1485|1 97 594 2532-2157|Ap #845-4659 Tellus St.|International Falls|DT8C 5YI|STS|Italia
Gregory|Armstrong|mauris.sapien.cursus@ligulaconsectetuer.ca|1 84 452 5119-5056|1 83 733 1419-4624|P.O. Box 961, 6946 Aliquet, Av.|Waterloo|N7N 6V4|WIC|Italia
Flavia|Mays|venenatis@molestietellus.org|1 69 483 1749-4344|1 91 159 4783-5461|265 Mauris Street|Bell Gardens|41349|FL|Italia
Renee|Bruce|mi.lacinia.mattis@risusaultricies.edu|1 46 691 3066-7761|1 61 396 2705-9830|Ap #737-3576 Ultrices, St.|Carrollton|05202|SK|Italia
Lydia|Perez|sit.amet@Curabituregestas.com|1 40 423 4051-7831|1 83 704 9939-5452|Ap #363-5636 Lacinia. St.|Waltham|17322|Dr.|Italia
Virginia|Everett|tortor@laoreetposuereenim.ca|1 29 555 7362-5219|1 23 756 9071-9902|9694 Aliquet St.|Yonkers|47410|MGM|Italia
Knox|Irwin|Mauris.ut.quam@rutrumurnanec.edu|1 12 401 4214-2143|1 18 149 1536-8823|255-7643 Sociis Rd.|Greensboro|J6M 6S9|ID|Italia
Connor|Gilbert|semper@temporerat.org|1 26 330 1831-6657|1 11 368 2465-7570|Ap #701-4674 Ultrices, Avenue|Norman|03886|N.-Br.|Italia
Garrison|Newman|imperdiet.non@vitaeerat.com|1 22 360 3498-1445|1 24 803 5098-5212|Ap #569-6612 Elit. St.|South Burlington|57197|CLV|Italia
Hayley|Watkins|Suspendisse.eleifend@netus.com|1 39 941 2228-7975|1 82 402 1032-5064|6275 Augue St.|Lomita|M4 6RT|N.-Br.|Italia
Aspen|Richards|est.Nunc@fermentumconvallisligula.org|1 81 831 5875-6306|1 95 252 9574-4052|P.O. Box 467, 4790 Lacinia Avenue|Tallahassee|2771LJ|KID|Italia
Amanda|Mooney|Nunc@Crasvulputate.edu|1 12 255 8452-9472|1 75 179 4578-0496|P.O. Box 620, 2737 Tellus St.|Davenport|7321XM|LA|Italia
Priscilla|Guy|condimentum.Donec.at@enimcondimentumeget.com|1 63 959 7713-9414|1 25 734 2474-8712|7802 Convallis Avenue|Idaho Falls|K2C 2W2|U.|Italia
Serena|Carrillo|tempor.augue.ac@tempordiam.org|1 35 507 7466-2023|1 54 452 7014-6427|558-1226 Ligula. Road|Paducah|R8 3EM|KS|Italia
Alika|Rich|aliquet@mi.org|1 23 365 1904-4115|1 78 419 8134-4142|368-7523 Quis, St.|Laughlin|C3C 1G5|NU|Italia
Jillian|Leach|amet@Crasvehicula.ca|1 88 931 4446-2822|1 95 407 9615-7302|Ap #124-3625 Non Rd.|Monroe|9063LI|Gr.|Italia
Breanna|Conley|mi.tempor@metus.edu|1 78 471 1380-6390|1 39 774 1276-1073|564-6793 Lobortis Rd.|Cerritos|Y4B 3G0|WV|Italia
Abraham|Monroe|magna.Phasellus.dolor@risusodio.edu|1 31 304 7682-3053|1 90 422 5195-0857|569-1760 Sed Avenue|North Adams|6012YK|WI|Italia
Zelda|Head|lorem@risusquisdiam.edu|1 53 100 6040-2076|1 77 897 3562-5529|9275 Sit Rd.|Needham|6432OT|Z.-H.|Italia
Kevin|Saunders|ultricies@Duisdignissim.edu|1 27 679 6444-3086|1 73 999 7275-2200|Ap #248-7371 Facilisis Rd.|San Diego|5909JM|NB|Italia
Porter|Shannon|euismod@ametdiam.com|1 14 715 4715-5949|1 53 947 4727-5354|5972 Euismod Street|Portland|M2Q 8Z8|L.|Italia
Cullen|Clements|et@Cumsociisnatoque.com|1 24 949 4823-4935|1 45 225 9507-3495|426-9327 A Rd.|Newton|18290|WV|Italia
Hollee|Lewis|id@a.edu|1 17 557 1134-5213|1 22 232 3962-8564|Ap #798-4477 In Street|New Madrid|12936|U.|Italia
Xander|Singleton|pede.Cum@amet.com|1 78 235 6071-7273|1 28 611 3600-2300|P.O. Box 494, 6486 Tristique Road|Syracuse|18316|Zld.|Italia
Zeus|Blevins|vitae.aliquam.eros@vel.ca|1 32 163 1472-8311|1 23 155 6044-3843|Ap #963-3982 Proin Rd.|Wheeling|6550IU|AK|Italia
Dean|Bray|id.nunc@nibhvulputatemauris.edu|1 28 162 8287-6800|1 56 649 4362-4555|566-5506 Feugiat. Street|La Mirada|C5K 3LE|CON|Italia
Ronan|Meadows|diam@Crasegetnisi.com|1 30 975 9084-6272|1 43 677 8700-7783|542-9832 Porttitor Rd.|Nashua|30848|Fl.|Italia
Kiona|Holloway|auctor.ullamcorper.nisl@elit.edu|1 37 806 2915-4119|1 15 990 8210-2457|2561 Sed Av.|Thousand Oaks|R3R 8F8|ANS|Italia
Bree|Alvarado|sed.orci@In.com|1 25 560 3092-3843|1 56 138 8758-2102|364-3284 Ornare, St.|Jackson|08108|PA|Italia
Delilah|Hodge|sociis.natoque.penatibus@natoque.com|1 85 605 9862-1969|1 86 897 7214-0974|Ap #398-7589 Commodo Road|New Orleans|6435AO|OH|Italia
Shelby|Martinez|sit.amet.nulla@mattis.ca|1 79 743 4806-5759|1 49 390 8690-3799|P.O. Box 408, 3004 Leo. Rd.|York|46327|NH|Italia
Shana|Marshall|risus@eratEtiam.com|1 50 820 8650-0803|1 85 917 6161-7493|5853 Integer Ave|East Rutherford|D7S 9KG|AZ|Italia
Tasha|Lynch|Nulla.eget.metus@Vivamus.edu|1 94 934 3811-4451|1 52 846 1411-5800|948-3083 Magna. St.|Fountain Valley|Q8M 5Z6|FL|Italia
Irma|Ball|feugiat.metus@consectetuer.com|1 34 234 7486-7100|1 88 538 1422-5276|Ap #627-1100 Dis Av.|Aurora|4498JR|N.-Br.|Italia
Mechelle|Cooke|ante.iaculis.nec@enim.ca|1 67 133 7113-2134|1 68 542 2179-8150|170-9555 Vestibulum St.|Westminster|G2U 4J1|ON|Italia
Gannon|Mooney|augue.malesuada@liberoettristique.com|1 76 537 4414-3034|1 45 278 4438-5511|9249 Aenean Ave|Barrow|NA39 4LK|HI|Italia
Cooper|Hooper|ipsum.non@eratsemperrutrum.com|1 65 177 2570-5561|1 59 194 4791-0834|P.O. Box 526, 9339 Diam Road|Staunton|68016|TN|Italia
Nayda|Sanders|orci.lacus.vestibulum@ultrices.com|1 24 597 9422-8109|1 17 818 5366-1430|P.O. Box 703, 4778 Aliquet St.|Independence|38980|DFD|Italia
Fredericka|Walls|montes.nascetur@vitaealiquetnec.ca|1 56 199 1393-9470|1 41 939 1462-6366|797-212 Lacinia St.|Tyler|W4E 2I4|BC|Italia
Geraldine|Carey|adipiscing.Mauris@Lorem.ca|1 56 303 1178-1622|1 55 569 9761-9851|458-7453 Sed Av.|Ruston|83001|SSX|Italia
George|Mcintyre|sollicitudin.a.malesuada@ornaretortor.ca|1 20 806 9442-8109|1 28 318 5903-0566|P.O. Box 505, 4965 Cras Ave|Fort Dodge|3128PM|NH|Italia
Faith|Valencia|enim@arcuVivamus.edu|1 71 837 4087-5138|1 55 131 5989-5824|309 Ornare, Rd.|Plainfield|N9W 8A7|N.-Br.|Italia
Hunter|Kinney|In.scelerisque@sollicitudincommodo.org|1 59 332 7266-2423|1 91 371 1479-4139|Ap #533-7802 Ante, St.|Artesia|I6V 6I4|OXF|Italia
Tad|Kim|cursus.Integer@ametmetus.ca|1 43 972 5779-5836|1 29 573 9506-8753|388 Purus Rd.|Idabel|3958TJ|CO|Italia
Germaine|Buckley|In.nec@Cumsociis.org|1 59 524 7305-4477|1 87 464 7379-4725|P.O. Box 507, 161 Non Road|Meriden|7821YU|ON|Italia
Gail|Phillips|Cras.vulputate.velit@Praesenteu.org|1 46 452 5929-9834|1 61 671 5450-7735|6786 Id, St.|Santa Monica|1856VU|NS|Italia
Cullen|Barron|massa.rutrum.magna@at.com|1 73 337 7997-5708|1 89 447 3058-8709|P.O. Box 865, 5530 Integer St.|Rome|19508|MGM|Italia
Jesse|Crawford|nec.leo.Morbi@Vestibulumanteipsum.ca|1 50 821 8728-6868|1 67 718 6451-7069|2826 Lobortis Rd.|Ocean City|5653JU|SD|Italia
Danielle|Mcleod|Mauris.eu@eunulla.ca|1 93 500 5063-3377|1 83 317 1376-1597|P.O. Box 332, 1462 Vivamus Street|Cudahy|GQ1 3IL|N.-H.|Italia
Juliet|Peck|mi.pede@interdumliberodui.ca|1 51 439 5717-8345|1 60 693 1602-1578|Ap #253-8892 Aliquet Avenue|Boise|4282JR|Ov.|Italia
Bradley|Curry|sit@nibh.com|1 60 139 2353-2665|1 28 432 1491-9222|Ap #534-2222 Enim. Ave|Blythe|L5K 7B7|MT|Italia
Emerson|Walls|blandit@consectetuer.org|1 26 838 3138-3435|1 98 969 6660-1531|P.O. Box 434, 4425 Scelerisque Avenue|Easthampton|Q8O 7E3|ROS|Italia
Maggie|Levine|magna@a.edu|1 30 761 5528-9482|1 26 788 2948-5050|132-3169 Molestie St.|Marshfield|E2N 7K3|PE|Italia
Tobias|Padilla|dictum.eu.placerat@Crasvulputatevelit.com|1 73 324 5365-6257|1 47 311 6808-7074|760-8334 Nunc Rd.|Asbury Park|H5Q 6F1|AK|Italia
Kareem|Frederick|Suspendisse.tristique.neque@euplacerateget.org|1 85 759 6123-9241|1 69 721 9666-6429|2008 Cras Av.|Mayagüez|GI68 4YG|NE|Italia
Michelle|Farmer|ac@ultrices.com|1 93 913 4925-5927|1 39 678 9115-7929|P.O. Box 751, 5977 Urna. St.|Boise|F4 8EQ|Ov.|Italia
Troy|Mcfadden|ante@imperdietnec.ca|1 65 558 5597-2583|1 10 792 4380-0396|P.O. Box 440, 4464 Neque Rd.|Norton|17577|Zld.|Italia
Holmes|Burt|a@ipsum.org|1 25 754 3903-3402|1 52 109 8281-3154|7400 Per Avenue|Newburyport|J5R 7M7|AB|Italia
Nasim|Frazier|Donec@Curabitur.ca|1 10 326 8556-2165|1 51 216 9241-3486|4640 Libero. Rd.|Livonia|VG1Q 7QG|Z.-H.|Italia
Ariana|Sanford|quis.urna@natoquepenatibuset.edu|1 90 676 2256-7516|1 72 358 5663-2940|657 Nulla St.|Fargo|X4T 1S3|ON|Italia
Kyra|Wood|vulputate.ullamcorper@loremeumetus.ca|1 52 946 1888-8059|1 90 707 1628-3333|P.O. Box 549, 2677 Lacus Rd.|Richmond|2330EE|SK|Italia
Odysseus|Mckinney|adipiscing@ultricesDuis.org|1 52 986 6381-6688|1 82 283 3760-6872|9536 Interdum St.|Terre Haute|W2V 5N7|ON|Italia
Callum|Robinson|elit@amet.ca|1 85 463 7755-6499|1 30 786 5577-0798|P.O. Box 509, 7196 Feugiat Avenue|Slidell|M4W 3X4|GNT|Italia
Jade|Marsh|odio.semper@Nunc.ca|1 81 670 6600-3905|1 43 462 8561-3269|8340 Sit Ave|Missoula|14071|AL|Italia
Basia|Henry|Donec@enim.com|1 60 593 2919-8946|1 96 294 3018-0994|580-7601 Risus. Road|Biloxi|0949BJ|MT|Italia
Kelly|Murray|Cras.interdum.Nunc@vulputaterisusa.edu|1 89 173 2186-9922|1 91 792 1829-3140|8664 Fusce Road|Lockport|55166|MON|Italia
Sasha|Sharpe|dapibus.id.blandit@ideratEtiam.org|1 72 503 9033-0288|1 94 401 2047-8057|Ap #906-6623 Nulla St.|Cruz Bay|G5D 4V5|NT|Italia
Seth|Price|eu@enimMaurisquis.com|1 60 517 4222-8430|1 78 217 7571-8796|163-3679 Tortor Avenue|Beloit|28241|Gr.|Italia
Idona|Reilly|iaculis.nec@rutrumlorem.edu|1 34 104 6941-0721|1 64 988 2328-2629|670-8828 Morbi Ave|Port Huron|76560|UT|Italia
Josiah|Frye|ac.eleifend.vitae@sit.org|1 58 910 9484-0611|1 68 815 8736-6119|P.O. Box 107, 2949 Integer Rd.|Oneida|U8F 2R6|MD|Italia
Mark|Cooley|primis@erat.org|1 75 794 7567-7350|1 23 330 8546-9321|P.O. Box 324, 249 Lectus, Rd.|West Sacramento|XG44 9CE|NB|Italia
Jana|Price|volutpat@Fusce.ca|1 38 242 6646-6235|1 57 948 1653-1578|P.O. Box 154, 375 Etiam St.|Isle of Palms|W1W 5P5|Z.-H.|Italia
Ora|Kim|eget.tincidunt.dui@faucibuslectus.edu|1 95 763 3753-8920|1 83 928 5364-9914|P.O. Box 191, 9083 Rhoncus. Ave|Yorba Linda|RA8 4NE|L.|Italia
Nasim|Dyer|non.hendrerit@maurisutmi.com|1 29 324 9050-9565|1 26 462 6079-3066|599-4964 Hendrerit St.|Lawndale|79784|Z.-H.|Italia
Cherokee|Chang|enim.mi.tempor@Classaptent.ca|1 12 318 8602-2567|1 34 702 2801-2334|3405 Ut Street|Carbondale|JB3G 7KL|Zld.|Italia
Logan|Howard|lacus@nonnisi.ca|1 83 318 4467-5529|1 66 230 6307-0235|P.O. Box 691, 2103 Enim Street|Westminster|D8 9OM|ON|Italia
Nerea|Mcbride|habitant@mifringilla.com|1 75 599 1511-1312|1 92 188 5496-4939|Ap #918-7761 Sed Road|Fredericksburg|2327NM|GA|Italia
Tana|Donaldson|pretium.neque@Vivamussitamet.org|1 45 565 6015-8400|1 74 459 8584-7639|Ap #394-6729 Posuere St.|Cambridge|V4W 8N4|KER|Italia
Solomon|Casey|mi@amifringilla.org|1 45 374 5828-5367|1 20 605 1754-5236|Ap #391-7855 Quisque St.|Broken Arrow|X4N 7O3|MB|Italia
Zenia|Levy|fringilla@etnunc.edu|1 14 331 8571-3993|1 83 859 2781-6912|623 Mauris, Ave|Rock Island|0268UK|Fl.|Italia
Bell|Guy|metus.urna@interdum.com|1 27 109 3260-2497|1 51 439 8400-4518|P.O. Box 590, 1788 Ac, Av.|Davenport|I3O 5Y6|NJ|Italia
Orla|Wright|commodo@tellusfaucibusleo.ca|1 80 408 3898-0112|1 54 803 4879-4574|P.O. Box 434, 1924 Aliquet. Road|Boise|D2V 9GR|HI|Italia
Duncan|Atkinson|sed.pede.nec@imperdieterat.com|1 52 917 7591-7053|1 28 210 8146-3394|1223 Auctor Rd.|Wilmington|9416CC|QC|Italia
Grant|Byers|dictum@non.org|1 67 106 5323-4268|1 21 982 1601-9250|694-7864 Mattis. St.|Troy|90323|N.-H.|Italia
Nevada|Hurley|libero.Proin@variusorciin.edu|1 76 201 3525-2046|1 93 725 1915-2627|535-115 Orci Av.|Chula Vista|E3K 7P9|ESS|Italia
Magee|Frederick|sagittis.Duis.gravida@metusfacilisis.com|1 90 917 1915-9361|1 59 525 4217-8731|388-8624 Blandit Rd.|Haverhill|51842|MOG|Italia
Brooke|Wolf|fringilla@risusDonec.org|1 62 535 6910-2946|1 89 774 1196-1571|Ap #191-7680 Dictum St.|Fremont|S9V 6B9|MS|Italia
Gwendolyn|Craft|tristique.senectus@ac.ca|1 88 350 8779-4037|1 72 533 5238-7229|P.O. Box 580, 8408 Velit St.|West Valley City|O5Z 3F9|MN|Italia
Kyla|Zamora|enim@neceleifend.edu|1 32 551 3538-4225|1 87 509 5818-2132|Ap #100-4983 Duis Street|Atlanta|54217|BC|Italia
Stacey|Bowman|non.lobortis@Nam.ca|1 39 132 4850-8010|1 96 527 3333-6427|1596 Ut St.|Watervliet|Z4J 4G9|NT|Italia
Veda|Conley|felis.Nulla.tempor@ullamcorperDuisat.org|1 33 375 1778-9780|1 72 405 3462-9711|P.O. Box 559, 8710 Luctus Street|Lawndale|G5C 1F9|SLI|Italia
Azalia|Gilmore|eget.tincidunt@nonegestas.edu|1 80 192 5330-1892|1 23 415 3151-0114|P.O. Box 920, 550 Imperdiet, Av.|Stevens Point|V3P 2Q6|LIN|Italia
Teagan|Welch|rutrum.urna.nec@risus.edu|1 49 253 9348-3284|1 20 127 7522-1811|586-6292 Magna. Rd.|Racine|28762|Dr.|Italia
Morgan|Madden|lacus.Cras@nisl.org|1 54 635 7011-5880|1 61 937 3988-3349|P.O. Box 191, 9356 Egestas Road|Rancho Cucamonga|CD3 1IN|GWN|Italia
Kay|Payne|Morbi@Loremipsumdolor.edu|1 73 423 3653-6392|1 40 653 1254-0297|Ap #397-3877 Nascetur Street|Kahului|60036|NT|Italia
Hop|Hensley|mi.Aliquam.gravida@milaciniamattis.edu|1 32 352 9956-2819|1 77 171 7107-4219|Ap #803-3347 Vestibulum St.|Arvada|Q2 5OT|KS|Italia
Ferris|Bray|Nunc.pulvinar.arcu@justo.edu|1 33 754 6552-3833|1 59 605 4230-5136|5961 Ipsum Road|Nacogdoches|27383|OKI|Italia
Aristotle|Gardner|Nunc.ullamcorper@auctorvitae.edu|1 62 214 5849-6959|1 97 736 1287-1384|7846 Fermentum Rd.|Muskogee|T5M 3J8|NC|Italia
Richard|Hoover|non.cursus@Donec.com|1 94 532 9177-8319|1 16 539 4402-1905|Ap #400-5332 Non, St.|Needham|X1Y 1T6|SK|Italia
Ina|Goodman|massa.Mauris@ipsumSuspendissenon.com|1 90 505 1124-7817|1 72 679 3601-5259|Ap #712-4378 Congue. Avenue|Natchitoches|63975|NT|Italia
Caldwell|Schneider|tincidunt.nunc.ac@Aliquamadipiscinglobortis.org|1 83 218 2887-5232|1 20 617 1524-1569|5938 Neque. Rd.|Coatesville|37755|BRK|Italia
Geraldine|Trevino|enim.Curabitur@interdum.edu|1 57 562 2667-4280|1 22 787 3404-1771|P.O. Box 837, 7016 Diam Ave|Oxford|J8J 1M0|MI|Italia
Deborah|Cooper|ac.urna.Ut@gravidaPraesent.edu|1 93 874 2459-1253|1 63 768 7057-5497|P.O. Box 433, 1034 Aenean St.|Cleveland|91037|ARM|Italia
Medge|Watkins|ornare.libero@purusgravidasagittis.com|1 48 888 5087-4991|1 88 491 2952-4384|903-5060 Tincidunt. St.|Oswego|5696NR|L.|Italia
Karleigh|Oliver|neque@velvulputateeu.com|1 16 690 4032-5009|1 66 821 5361-6063|P.O. Box 512, 6639 Orci Road|Cruz Bay|1262OW|QC|Italia
Kennan|Little|at.arcu@Vivamus.com|1 33 496 7271-9922|1 15 830 7065-7813|909-2363 Mi Av.|New Castle|N83 8PO|SXE|Italia
Hadley|Roman|eu.augue.porttitor@Naminterdum.edu|1 18 912 2960-1228|1 70 356 8226-2900|Ap #136-6140 Euismod Rd.|Middletown|SD7R 7UW|YT|Italia
Yolanda|Farley|amet.consectetuer.adipiscing@vulputateullamcorper.com|1 80 580 9305-9916|1 28 386 2869-6898|792-1589 Tristique Ave|Erie|DW6N 9EM|YT|Italia
Isadora|Wolf|magnis.dis.parturient@temporestac.org|1 53 539 2873-0592|1 55 747 2313-4274|634-9821 Sed Road|Redlands|0868PB|ARL|Italia
Madonna|Tran|ut@quam.org|1 47 812 9544-5230|1 32 728 7197-3542|970-3154 Donec Av.|Richland|X9Z 5L4|WY|Italia
Beatrice|Owens|dolor@molestiedapibus.ca|1 37 569 2430-7088|1 98 842 3491-3920|Ap #563-794 Mauris, St.|Rolling Hills Estates|K26 8OT|MGY|Italia
Hollee|English|lacus@risusvarius.org|1 78 599 7142-1247|1 66 542 2088-4427|908-5050 Sodales Avenue|Baldwin Park|A6S 2C9|CO|Italia
Alfreda|Maldonado|Duis.sit@nibhsitamet.edu|1 69 587 9708-2152|1 22 923 9662-7632|P.O. Box 594, 6219 Magna Rd.|North Charleston|L3C 2I9|LOU|Italia
Rhonda|Mcmillan|Duis.gravida.Praesent@Aeneanegestas.ca|1 82 514 6651-2164|1 69 572 5170-7283|6619 Vulputate Avenue|Shamokin|38394|SEL|Italia
Chantale|Meyers|parturient.montes@portaelit.edu|1 55 238 9709-6673|1 50 289 6704-7753|Ap #204-4155 Mauris Street|Falls Church|PM5 3ML|COR|Italia
Edward|Hammond|Duis.ac@fermentum.com|1 49 102 3204-6302|1 95 720 2114-3867|5668 Nec Avenue|Eureka|H27 5NU|Fr.|Italia
Alan|Maldonado|pellentesque@dictumeleifend.com|1 78 855 6853-4759|1 17 762 5646-6961|6073 Aliquet Avenue|Fort Worth|1096XM|Gr.|Italia
Gavin|Gross|in@Maurismagna.org|1 21 308 4272-8063|1 27 386 8800-4348|931-9800 Felis Road|New London|S9Q 9S8|DC|Italia
Donna|Hubbard|tortor.at.risus@Phasellus.ca|1 30 368 6035-0962|1 76 963 7503-6051|461-4355 Dictum Rd.|Oneida|J3H 4TV|Ov.|Italia
Asher|Newman|Mauris@disparturient.com|1 73 534 3886-2519|1 85 322 1705-4451|Ap #295-4529 Commodo Avenue|Grand Island|60258|AZ|Italia
Dalton|Mcclure|amet.risus.Donec@convallisdolorQuisque.com|1 85 731 9805-1586|1 55 760 6589-6612|P.O. Box 671, 9510 Nulla. Ave|Watervliet|H2 6EI|WI|Italia
Erasmus|Key|neque.tellus@mauriseu.org|1 41 203 4604-2944|1 76 738 1418-3018|929-7346 Neque. St.|Suffolk|94254|U.|Italia
Caesar|Shannon|orci@consequatdolorvitae.ca|1 80 382 2535-4145|1 13 139 5089-2100|3500 Fermentum Rd.|Hartford|6457ZZ|NB|Italia
Calista|Baxter|In@montesnasceturridiculus.org|1 84 895 9106-5328|1 16 576 4015-7167|Ap #771-7734 Vestibulum St.|McAllen|M75 6SG|MB|Italia
|Italia
